{"entities":{"pages":{"getting-started":{"id":"getting-started","title":"Getting Started","url":"getting-started.html","level":0,"pages":["Installation","About","Overview"],"tabIndex":0},"Installation":{"id":"Installation","title":"Installation","url":"installation.html","level":1,"parentId":"getting-started","tabIndex":0},"About":{"id":"About","title":"About","url":"about.html","level":1,"parentId":"getting-started","tabIndex":1},"Overview":{"id":"Overview","title":"Overview","url":"overview.html","level":1,"parentId":"getting-started","tabIndex":2},"products":{"id":"products","title":"Products","url":"products.html","level":0,"pages":["create-products","import-csv","categories-list","variants","product-card","specific-pricing"],"tabIndex":1},"create-products":{"id":"create-products","title":"Create Products","url":"create-products.html","level":1,"parentId":"products","tabIndex":0},"import-csv":{"id":"import-csv","title":"Importing Products from CSV","url":"import-csv.html","level":1,"parentId":"products","tabIndex":1},"categories-list":{"id":"categories-list","title":"Categories","url":"categories-list.html","level":1,"parentId":"products","tabIndex":2},"variants":{"id":"variants","title":"Product variants","url":"variants.html","level":1,"parentId":"products","tabIndex":3},"product-card":{"id":"product-card","title":"One page A4 product card PDF","url":"product-card.html","level":1,"parentId":"products","tabIndex":4},"specific-pricing":{"id":"specific-pricing","title":"Add Customer Specific price","url":"specific-pricing.html","level":1,"parentId":"products","tabIndex":5},"catalogues":{"id":"catalogues","title":"Catalogues","url":"catalogues.html","level":0,"pages":["Create-catalogue","sharing-export-catalogue","specific-price-catalogue"],"tabIndex":2},"Create-catalogue":{"id":"Create-catalogue","title":"Create Catalogue","url":"create-catalogue.html","level":1,"parentId":"catalogues","tabIndex":0},"sharing-export-catalogue":{"id":"sharing-export-catalogue","title":"Share and export catalogues","url":"sharing-export-catalogue.html","level":1,"parentId":"catalogues","tabIndex":1},"specific-price-catalogue":{"id":"specific-price-catalogue","title":"Special Pricing Catalogue","url":"specific-price-catalogue.html","level":1,"parentId":"catalogues","tabIndex":2},"sharing":{"id":"sharing","title":"Sharing","url":"sharing.html","level":0,"tabIndex":3}}},"topLevelIds":["getting-started","products","catalogues","sharing"]}