{"title":"Getting Started","subtitle":"Read about the features and how to install and getting started with FastProducts in a few steps","tips":[{"title":"Overview","description":"Get an overview of FastProducts and the functionality available","url":"overview.html","type":"presentation"},{"title":"About","description":"Learn where you can get FastProducts and other FastSeries apps","url":"about.html","type":"learn"}],"main":{"title":"First steps","data":[{"title":"Installation","description":"Learn how to install FastProducts on your PC using a local or hosted database","url":"installation.html","type":"check-list"},{"title":"Add Products","description":"Create your first products or import products as CSV file.","url":"","type":"data"},{"title":"Add Users","description":"As the administrator of FastProducts you can add additional users and invite them by E-mail","url":"","type":"community"},{"title":"Checking for updates","description":"Keep your system up to date with automatic updates","url":"","type":"branch"}]},"highlighted":{"title":"","data":[]},"groups":[{"title":"Configuration","type":"cards","display":"normal","data":[{"title":"Communication","description":"Configure communication between FastSeries applications","url":""},{"title":"Public Sharing","description":"Maintain rules for sharing documents in public space for customers, suppliers, accountants etc.","url":""},{"title":"Using EDI","description":"Enable the real-time EDI file exchange feature to send and receive electronic data interchanges","url":""},{"title":"Custom Apps","description":"Get your own custom apps designed by experts to solve your specific issues","url":""}]},{"type":"links","display":"wide","data":[{"title":"Other related topics as links","data":[{"title":"Overview","description":"Overview","url":"overview.html"},{"title":"About","description":"About FastProducts","url":"about.html"}]}]}],"prevNextLinks":{"nextPageUrl":"installation.html","nextPageTitle":"Installation"}}